{"SceneIndex":11,"PlayerScenePos":{"x":-16.473114013671876,"y":-13.382559776306153,"z":30.623916625976564},"CameraPos":{"x":-16.434804916381837,"y":-8.0,"z":17.44955062866211},"Turn":1,"RequiredTurn":1,"UnlockedPages":[],"AnimatedPages":[],"Volume":0.0,"MusicTime":0.0}