{"SceneIndex":2,"PlayerScenePos":{"x":7.429999828338623,"y":-4.78264856338501,"z":11.02389907836914},"CameraPos":{"x":7.51500129699707,"y":-1.2000000476837159,"z":4.837998867034912},"HasDiary":false,"Turn":1,"RequiredTurn":1,"UnlockedPages":[],"AnimatedPages":[],"Volume":0.3045639991760254,"MusicTime":0.0}