{"SceneIndex":15,"PlayerScenePos":{"x":-7.670000076293945,"y":0.6899999976158142,"z":0.0},"CameraPos":{"x":0.0,"y":4.650000095367432,"z":-8.789999961853028},"HasDiary":false,"Turn":1,"RequiredTurn":1,"UnlockedPages":[],"AnimatedPages":[],"Volume":0.3045639991760254,"MusicTime":0.0}