{"SceneIndex":15,"PlayerScenePos":{"x":-14.013209342956543,"y":-13.168968200683594,"z":31.905620574951173},"CameraPos":{"x":-14.013206481933594,"y":-8.0,"z":19.582658767700197},"HasDiary":true,"Turn":1,"RequiredTurn":1,"UnlockedPages":[],"AnimatedPages":[],"Volume":0.5,"MusicTime":0.0}