{"SceneIndex":1,"PlayerScenePos":{"x":-18.339088439941408,"y":-13.161595344543457,"z":23.405731201171876},"CameraPos":{"x":-18.339082717895509,"y":-8.0,"z":11.405734062194825},"HasDiary":false,"Turn":1,"RequiredTurn":1,"UnlockedPages":[],"AnimatedPages":[],"Volume":0.45064210891723635,"MusicTime":0.0}