{"SceneIndex":15,"PlayerScenePos":{"x":-13.837846755981446,"y":-13.168968200683594,"z":30.358257293701173},"CameraPos":{"x":-13.837650299072266,"y":-8.0,"z":18.357852935791017},"HasDiary":false,"Turn":1,"RequiredTurn":1,"UnlockedPages":[1],"AnimatedPages":[1],"Volume":0.5,"MusicTime":0.0}