{"SceneIndex":11,"PlayerScenePos":{"x":-13.399253845214844,"y":-13.057744026184082,"z":30.680999755859376},"CameraPos":{"x":-13.399358749389649,"y":-8.0,"z":17.44182777404785},"Turn":1,"RequiredTurn":1,"UnlockedPages":[],"AnimatedPages":[],"Volume":0.0,"MusicTime":0.0}