{"SceneIndex":15,"PlayerScenePos":{"x":-6.011589050292969,"y":-13.168968200683594,"z":16.40999984741211},"CameraPos":{"x":-6.199999809265137,"y":-8.0,"z":7.599999904632568},"HasDiary":false,"Turn":1,"RequiredTurn":1,"UnlockedPages":[1],"AnimatedPages":[1],"Volume":0.5,"MusicTime":0.0}