{
  "SceneIndex": 5,
  "PlayerScenePos": {
    "x": 0.9426993727684021,
    "y": -4.2074413299560547,
    "z": 4.3436994552612305
  },
  "CameraPos": {
    "x": 0.94271087646484375,
    "y": -1.1999999284744263,
    "z": -0.83734130859375
  },
  "Turn": 1,
  "RequiredTurn": 1,
  "UnlockedPages": [],
  "AnimatedPages": [],
  "Volume": 0.0,
  "MusicTime": 0.0
}