{"SceneIndex":0,"PlayerScenePos":{"x":5.5,"y":8.0,"z":28.549957275390626},"CameraPos":{"x":10.0,"y":8.0,"z":26.849956512451173},"HasDiary":false,"Turn":1,"RequiredTurn":1,"UnlockedPages":[],"AnimatedPages":[],"Volume":0.055494993925094607,"MusicTime":0.0}