{"SceneIndex":5,"PlayerScenePos":{"x":4.657837867736816,"y":-4.207441329956055,"z":11.098837852478028},"CameraPos":{"x":4.657325744628906,"y":-1.1999999284744263,"z":6.0987548828125},"HasDiary":false,"Turn":1,"RequiredTurn":1,"UnlockedPages":[],"AnimatedPages":[],"Volume":0.12170682847499848,"MusicTime":5.525328636169434}