{"SceneIndex":1,"PlayerScenePos":{"x":-18.339088439941408,"y":-13.161595344543457,"z":33.78573226928711},"CameraPos":{"x":-18.339082717895509,"y":-8.0,"z":21.46467399597168},"HasDiary":false,"Turn":1,"RequiredTurn":1,"UnlockedPages":[],"AnimatedPages":[],"Volume":0.12170682847499848,"MusicTime":5.525328636169434}