{
  "SceneIndex": 11,
  "PlayerScenePos": {
    "x": -12.201587677001953,
    "y": -13.382559776306152,
    "z": 30.628747940063477
  },
  "CameraPos": {
    "x": -12.201590538024902,
    "y": -8.0,
    "z": 17.112262725830078
  },
  "Turn": 1,
  "RequiredTurn": 1,
  "UnlockedPages": [],
  "AnimatedPages": [],
  "Volume": 0.0,
  "MusicTime": 0.0
}