{
  "SceneIndex": 12,
  "PlayerScenePos": {
    "x": -4.3647518157958984,
    "y": 2.0850887298583984,
    "z": -0.31097602844238281
  },
  "CameraPos": {
    "x": 0.0,
    "y": 1.0,
    "z": -10.0
  },
  "Turn": 1,
  "RequiredTurn": 1,
  "UnlockedPages": [],
  "AnimatedPages": [],
  "Volume": 0.0,
  "MusicTime": 0.0
}