{"SceneIndex":15,"PlayerScenePos":{"x":-6.011589050292969,"y":-12.979999542236329,"z":16.40999984741211},"CameraPos":{"x":-17.95000648498535,"y":-8.0,"z":12.139996528625489},"HasDiary":false,"Turn":1,"RequiredTurn":1,"UnlockedPages":[],"AnimatedPages":[],"Volume":0.5,"MusicTime":0.0}