{"SceneIndexJson":1,"PlayerScenePosJson":{"x":-6.820000171661377,"y":-13.415776252746582,"z":44.619998931884769},"CameraPosJson":{"x":-6.819998741149902,"y":-8.0,"z":30.0}}