{"SceneIndexJson":1,"PlayerScenePosJson":{"x":-9.357772827148438,"y":-13.415776252746582,"z":23.280298233032228},"CameraPosJson":{"x":-9.37033462524414,"y":-8.0,"z":11.28062915802002}}