{
  "SceneIndexJson": 11,
  "PlayerScenePosJson": {
    "x": -15.073698043823242,
    "y": -13.382559776306152,
    "z": 16.5390682220459
  },
  "CameraPosJson": {
    "x": -15.074325561523438,
    "y": -8.0,
    "z": 7.5999999046325684
  }
}