{"SceneIndexJson":1,"PlayerScenePosJson":{"x":-18.063461303710939,"y":-13.415776252746582,"z":38.395782470703128},"CameraPosJson":{"x":-17.40260124206543,"y":-8.0,"z":25.491552352905275}}