{"SceneIndexJson":1,"PlayerScenePosJson":{"x":-18.814990997314454,"y":-13.415776252746582,"z":35.10899353027344},"CameraPosJson":{"x":-18.39744758605957,"y":-8.0,"z":22.103946685791017}}