{"SceneIndexJson":1,"PlayerScenePosJson":{"x":-18.166248321533204,"y":-13.415776252746582,"z":35.10967254638672},"CameraPosJson":{"x":-17.960323333740236,"y":-8.0,"z":22.03562355041504}}