{"Volume":0.7533000111579895,"MusicTime":8.085329055786133}