{"Volume":0.7161406874656677,"MusicTime":2.4106576442718508}