{"Volume":0.7161406874656677,"MusicTime":8.085329055786133}